date,pnl,equity,trades,halted,target
2026-06-26,-49.01750695152259,9950.982493048477,20,0,0
2026-06-28,-12.755447021898362,9938.227046026579,0,0,0
2026-06-29,-35.79244801567802,9902.434598010901,23,0,0
2026-06-30,13.988647025638784,9916.42324503654,27,0,0
2026-07-01,174.5722601691341,10090.995505205674,37,0,0
2026-07-02,-75.01754962553787,10015.977955580136,19,0,0
2026-07-03,0.0,10015.977955580136,0,0,0
2026-07-05,0.0,10015.977955580136,0,0,0
2026-07-06,-54.543698619694624,9961.434256960441,5,0,0
2026-07-07,84.51329414286556,10045.947551103307,26,0,0
2026-07-08,12.385626129675074,10058.333177232982,24,0,0
2026-07-09,-103.85285634408683,9954.480320888895,14,0,0
2026-07-10,-63.52642982400357,9890.953891064892,24,0,0
2026-07-12,-13.883504744379024,9877.070386320513,0,0,0
2026-07-13,37.97149880498728,9915.0418851255,27,0,0
2026-07-14,-28.162709603009716,9886.87917552249,14,0,0
2026-07-15,83.75143123950147,9970.630606761992,32,0,0
2026-07-16,-23.413648108469715,9947.216958653522,18,0,0
2026-07-17,-138.86838842572615,9808.348570227796,18,0,0
2026-07-19,-14.183579258193276,9794.164990969603,0,0,0
2026-07-20,-69.08174347581917,9725.083247493783,19,0,0
2026-07-21,-68.67301721090735,9656.410230282876,19,0,0
2026-07-22,-23.14267933363044,9633.267550949246,25,0,0
2026-07-23,122.40711168953385,9755.67466263878,16,0,0
2026-07-24,78.0335872485557,9833.708249887335,22,0,0
2026-07-26,-12.073713784213396,9821.634536103122,1,0,0
2026-07-27,-31.333845002651287,9790.30069110047,27,0,0
2026-07-28,-70.53559311343452,9719.765097987036,21,0,0
2026-07-29,249.45182024928363,9969.21691823632,31,0,0
2026-07-30,90.08676576927428,10059.303684005594,27,0,0
2026-07-31,-81.23021994638839,9978.073464059205,19,0,0
2026-08-02,0.0,9978.073464059205,0,0,0
2026-08-03,128.88297698384667,10106.956441043052,27,0,0
2026-08-04,48.373987174012655,10155.330428217065,24,0,0
2026-08-05,251.9393962339891,10407.269824451054,34,0,0
2026-08-06,-119.86062974692868,10287.409194704125,25,0,0
2026-08-07,-74.18308424518727,10213.226110458938,21,0,0
2026-08-09,0.0,10213.226110458938,0,0,0
2026-08-10,89.21075394358013,10302.436864402518,22,0,0
2026-08-11,132.59006453033726,10435.026928932855,16,0,0
2026-08-12,-28.998281705560657,10406.028647227295,21,0,0
2026-08-13,-94.43986848246823,10311.588778744826,20,0,0
2026-08-14,-64.57203329444383,10247.016745450383,24,0,0
2026-08-16,0.0,10247.016745450383,0,0,0
2026-08-17,-69.24069442724794,10177.776051023135,23,0,0
2026-08-18,-93.01919816960071,10084.756852853534,20,0,0
2026-08-19,115.47358439228083,10200.230437245815,33,0,0
2026-08-20,-9.70126506100496,10190.52917218481,28,0,0
2026-08-21,161.70857492711184,10352.237747111922,24,0,0
2026-08-23,-14.426727539825151,10337.811019572096,1,0,0
2026-08-24,-87.32468179268835,10250.486337779408,18,0,0
2026-08-25,-95.53163911230877,10154.9546986671,26,0,0
2026-08-26,-38.124561134103715,10116.830137532996,23,0,0
2026-08-27,7.077707325786832,10123.907844858782,25,0,0
2026-08-28,-49.87597148593704,10074.031873372845,24,0,0
2026-08-30,17.26339685001585,10091.295270222861,1,0,0
2026-08-31,160.0818225725052,10251.377092795366,28,0,0
2026-09-01,-26.133733322334592,10225.243359473032,29,0,0
2026-09-02,-19.178572556173094,10206.064786916859,25,0,0
2026-09-03,-12.266201188554987,10193.798585728304,24,0,0
2026-09-04,-55.826523642299435,10137.972062086004,26,0,0
