entry_time,exit_time,side,entry,exit,lots,pnl,reason
2024-09-05 09:00:00+00:00,2024-09-05 12:00:00+00:00,sell,2545.074951171875,2550.0588984207175,0.2,-100.87894497684938,sl
2024-09-06 17:00:00+00:00,2024-09-10 12:00:00+00:00,buy,2518.425048828125,2539.020291606323,0.07,143.7466994473867,tp
2024-09-10 13:00:00+00:00,2024-09-10 14:00:00+00:00,sell,2542.675048828125,2533.201823406263,0.24,225.91741012468862,tp
2024-09-10 19:00:00+00:00,2024-09-11 01:00:00+00:00,sell,2544.97509765625,2551.4419000655366,0.4,-261.07209637146514,sl
2024-09-12 14:00:00+00:00,2024-09-12 18:00:00+00:00,sell,2573.675048828125,2585.9205631078867,0.08,-98.44411423809332,sl
2024-09-12 20:00:00+00:00,2024-09-13 01:00:00+00:00,sell,2586.074951171875,2595.101021784909,0.11,-99.94677674337268,sl
2024-09-13 16:00:00+00:00,2024-09-17 10:00:00+00:00,sell,2610.27490234375,2598.230446573784,0.12,143.81346923959362,tp
2024-09-17 17:00:00+00:00,2024-09-18 11:00:00+00:00,buy,2589.925048828125,2604.968936291292,0.15,224.75831194750216,tp
2024-09-18 20:00:00+00:00,2024-09-19 05:00:00+00:00,buy,2574.925048828125,2597.427659316099,0.12,269.3113258556871,tp
2024-09-19 08:00:00+00:00,2024-09-19 09:00:00+00:00,sell,2609.77490234375,2619.554948216948,0.22,-216.4810092103583,sl
2024-09-19 11:00:00+00:00,2024-09-19 12:00:00+00:00,sell,2613.77490234375,2599.834441648343,0.13,180.44598904029337,tp
2024-09-19 12:00:00+00:00,2024-09-19 13:00:00+00:00,sell,2614.47509765625,2597.9940551577306,0.18,295.5787649733492,tp
2024-09-19 17:00:00+00:00,2024-09-20 06:00:00+00:00,sell,2616.875,2627.469583212792,0.31,-330.29207959654593,sl
2024-09-22 22:00:00+00:00,2024-09-23 03:00:00+00:00,sell,2646.074951171875,2653.703872555054,0.13,-99.95597798132965,sl
2024-09-24 15:00:00+00:00,2024-09-24 16:00:00+00:00,sell,2668.375,2677.8658858839467,0.1,-95.50885883946702,sl
2024-09-24 18:00:00+00:00,2024-09-24 19:00:00+00:00,sell,2678.875,2688.078406978565,0.11,-101.89747676421499,sl
2024-09-24 22:00:00+00:00,2024-09-25 02:00:00+00:00,sell,2682.675048828125,2691.0634201172084,0.12,-101.38045546900022,sl
2024-09-26 11:00:00+00:00,2024-09-26 12:00:00+00:00,sell,2695.875,2703.6179993709106,0.13,-101.4389918218383,sl
2024-09-27 15:00:00+00:00,2024-09-30 00:00:00+00:00,buy,2671.824951171875,2686.747904936979,0.09,133.76658388593611,tp
2024-09-30 11:00:00+00:00,2024-09-30 18:00:00+00:00,buy,2658.52490234375,2649.047586144777,0.16,-152.59705918356573,sl
2024-10-01 11:00:00+00:00,2024-10-01 12:00:00+00:00,sell,2671.574951171875,2677.1751254122887,0.18,-101.88313632744673,sl
2024-10-01 14:00:00+00:00,2024-10-01 15:00:00+00:00,sell,2690.675048828125,2676.048067754541,0.09,131.1028296622553,tp
2024-10-03 08:00:00+00:00,2024-10-03 14:00:00+00:00,buy,2665.52490234375,2658.4392399812878,0.14,-100.03927307447144,sl
2024-10-04 13:00:00+00:00,2024-10-04 14:00:00+00:00,buy,2658.52490234375,2675.2269994501294,0.08,133.13677685103497,tp
2024-10-08 15:00:00+00:00,2024-10-08 16:00:00+00:00,buy,2640.22509765625,2626.3840978531007,0.07,-97.30699862204523,sl
2024-10-08 18:00:00+00:00,2024-10-10 12:00:00+00:00,buy,2633.22509765625,2620.6926444718924,0.07,-88.14717229050297,sl
2024-10-11 16:00:00+00:00,2024-10-13 22:00:00+00:00,sell,2676.27490234375,2664.2677182571306,0.12,143.36620903943302,tp
2024-10-13 22:00:00+00:00,2024-10-14 01:00:00+00:00,sell,2672.97509765625,2661.3672518708863,0.19,219.40906992190992,tp
2024-10-15 16:00:00+00:00,2024-10-16 06:00:00+00:00,sell,2681.27490234375,2690.9477192446157,0.1,-97.32816900865654,sl
2024-10-16 09:00:00+00:00,2024-10-16 14:00:00+00:00,sell,2696.175048828125,2686.7874162973276,0.15,139.91448796196127,tp
2024-10-17 15:00:00+00:00,2024-10-18 01:00:00+00:00,sell,2711.175048828125,2721.0354392640893,0.1,-99.2039043596429,sl
2024-10-18 19:00:00+00:00,2024-10-21 01:00:00+00:00,sell,2735.574951171875,2742.747738442497,0.14,-101.25902178870716,sl
2024-10-21 19:00:00+00:00,2024-10-22 01:00:00+00:00,buy,2730.72509765625,2743.7277316613677,0.11,142.36897405629438,tp
2024-10-22 18:00:00+00:00,2024-10-23 07:00:00+00:00,sell,2761.27490234375,2769.0784949869826,0.2,-157.2718528646521,sl
2024-10-23 09:00:00+00:00,2024-10-23 12:00:00+00:00,sell,2770.97509765625,2761.175169930234,0.14,136.35898816422392,tp
2024-10-23 15:00:00+00:00,2024-10-24 06:00:00+00:00,buy,2731.625,2748.4852650693347,0.08,134.4021205546774,tp
2024-10-24 12:00:00+00:00,2024-10-24 14:00:00+00:00,sell,2751.074951171875,2741.8530709598017,0.25,229.04700530183254,tp
2024-10-25 15:00:00+00:00,2024-10-25 20:00:00+00:00,sell,2751.074951171875,2759.6897801706295,0.12,-104.09794798505456,sl
2024-10-27 22:00:00+00:00,2024-10-29 00:00:00+00:00,sell,2749.074951171875,2758.4517983329965,0.11,-103.80531877233685,sl
2024-10-29 15:00:00+00:00,2024-10-30 01:00:00+00:00,sell,2781.875,2791.821084799903,0.1,-100.06084799903019,sl
2024-10-31 14:00:00+00:00,2024-10-31 15:00:00+00:00,buy,2765.824951171875,2753.7817518613974,0.08,-96.82559448382061,sl
2024-10-31 17:00:00+00:00,2024-11-01 12:00:00+00:00,buy,2751.22509765625,2767.0696571607477,0.09,142.06103554047965,tp
2024-11-01 18:00:00+00:00,2024-11-05 02:00:00+00:00,buy,2746.02490234375,2736.530791472733,0.17,-162.41988480728563,sl
2024-11-06 12:00:00+00:00,2024-11-06 13:00:00+00:00,buy,2707.72509765625,2689.27101059864,0.05,-92.57043528805097,sl
2024-11-06 15:00:00+00:00,2024-11-07 14:00:00+00:00,buy,2668.52490234375,2701.181092260392,0.04,130.3847596665671,tp
2024-11-07 15:00:00+00:00,2024-11-07 20:00:00+00:00,sell,2699.074951171875,2711.040354444853,0.12,-144.30483927573798,sl
2024-11-11 13:00:00+00:00,2024-11-11 14:00:00+00:00,buy,2664.125,2652.5599876545907,0.08,-93.0000987632743,sl
2024-11-11 16:00:00+00:00,2024-11-12 07:00:00+00:00,buy,2621.324951171875,2608.84726051973,0.07,-87.76383456501611,sl
2024-11-12 10:00:00+00:00,2024-11-12 13:00:00+00:00,buy,2599.52490234375,2614.533655131321,0.09,134.5387750881409,tp
2024-11-13 17:00:00+00:00,2024-11-13 20:00:00+00:00,buy,2591.72509765625,2579.534949439448,0.08,-98.00118573441476,sl
2024-11-14 10:00:00+00:00,2024-11-14 14:00:00+00:00,buy,2548.324951171875,2565.2751884669233,0.08,135.12189836038627,tp
2024-11-18 14:00:00+00:00,2024-11-18 16:00:00+00:00,sell,2608.375,2618.6041567136585,0.09,-92.60241042292687,sl
2024-11-18 18:00:00+00:00,2024-11-19 02:00:00+00:00,sell,2614.675048828125,2623.327703048348,0.11,-95.83919642245533,sl
2024-11-19 11:00:00+00:00,2024-11-19 14:00:00+00:00,sell,2638.77490234375,2627.377505806379,0.12,136.0487584484538,tp
2024-11-20 08:00:00+00:00,2024-11-20 12:00:00+00:00,buy,2624.625,2634.9264201200444,0.14,143.37988168062216,tp
2024-11-20 15:00:00+00:00,2024-11-20 17:00:00+00:00,sell,2646.375,2655.2537173107603,0.17,-151.958194282925,sl
2024-11-20 19:00:00+00:00,2024-11-21 00:00:00+00:00,sell,2651.77490234375,2659.825884430851,0.12,-97.33178504521376,sl
2024-11-21 09:00:00+00:00,2024-11-22 01:00:00+00:00,sell,2670.97509765625,2678.3045051409745,0.13,-96.06229730141811,sl
2024-11-22 08:00:00+00:00,2024-11-22 09:00:00+00:00,sell,2699.074951171875,2707.6329047596687,0.11,-94.79748946573059,sl
2024-11-22 11:00:00+00:00,2024-11-22 13:00:00+00:00,sell,2709.97509765625,2694.9052450481076,0.09,135.0886734732812,tp
2024-11-22 19:00:00+00:00,2024-11-24 23:00:00+00:00,sell,2713.074951171875,2722.3069076684983,0.1,-92.91956496623297,sl_and_tp_same_bar
2024-11-25 15:00:00+00:00,2024-11-25 18:00:00+00:00,buy,2642.625,2623.9257147867647,0.05,-93.79642606617635,sl
2024-11-25 20:00:00+00:00,2024-11-25 23:00:00+00:00,buy,2627.02490234375,2612.038251911664,0.06,-90.27990259251725,sl
2024-11-27 09:00:00+00:00,2024-11-27 10:00:00+00:00,sell,2678.574951171875,2655.867685536785,0.06,135.8835938105409,tp
2024-12-18 20:00:00+00:00,2024-12-18 21:00:00+00:00,buy,2619.52490234375,2606.1992209084124,0.07,-93.69977004736342,sl
2024-12-19 14:00:00+00:00,2024-12-20 13:00:00+00:00,buy,2610.02490234375,2626.755541943246,0.08,133.36511679596836,tp
2024-12-20 15:00:00+00:00,2024-12-20 16:00:00+00:00,sell,2633.97509765625,2644.625807205893,0.13,-139.23922414536062,sl
2024-12-20 18:00:00+00:00,2024-12-23 11:00:00+00:00,sell,2644.574951171875,2629.6871375895403,0.09,133.45032224101257,tp
2024-12-23 12:00:00+00:00,2024-12-23 16:00:00+00:00,buy,2630.324951171875,2623.1891965657924,0.2,-143.91509212165255,sl
2024-12-26 21:00:00+00:00,2024-12-27 08:00:00+00:00,sell,2654.77490234375,2646.239752684513,0.16,135.60239454779278,tp
2024-12-27 09:00:00+00:00,2024-12-27 13:00:00+00:00,buy,2640.824951171875,2635.2448088759775,0.27,-152.28384198923334,sl
2024-12-27 15:00:00+00:00,2024-12-30 03:00:00+00:00,buy,2629.824951171875,2640.5705714897817,0.12,128.2274438148809,tp
2024-12-30 09:00:00+00:00,2024-12-30 12:00:00+00:00,buy,2623.72509765625,2633.7729697921895,0.21,209.7453148547304,tp
2024-12-30 17:00:00+00:00,2024-12-31 08:00:00+00:00,buy,2612.324951171875,2627.1811916829297,0.22,325.51729124320326,tp
2024-12-31 16:00:00+00:00,2025-01-02 05:00:00+00:00,sell,2639.875,2648.2908106149857,0.27,-228.84688660461475,sl
2025-01-03 16:00:00+00:00,2025-01-03 21:00:00+00:00,buy,2657.925048828125,2649.6210881775824,0.12,-100.36752780651179,sl
2025-01-06 08:00:00+00:00,2025-01-06 11:00:00+00:00,buy,2638.72509765625,2650.0575695440657,0.12,135.2696626537884,tp
2025-01-07 13:00:00+00:00,2025-01-07 14:00:00+00:00,sell,2663.77490234375,2672.2268598092533,0.11,-93.63153212053581,sl
2025-01-08 14:00:00+00:00,2025-01-08 15:00:00+00:00,sell,2674.574951171875,2682.19902606225,0.13,-99.89297357487683,sl
2025-01-08 17:00:00+00:00,2025-01-08 18:00:00+00:00,sell,2686.074951171875,2670.3396201150285,0.09,141.07797951161817,tp
2025-01-09 13:00:00+00:00,2025-01-10 05:00:00+00:00,sell,2691.574951171875,2698.905805525591,0.13,-96.08110659830734,sl
2025-01-13 12:00:00+00:00,2025-01-13 13:00:00+00:00,buy,2699.824951171875,2689.3120820264726,0.09,-95.15582230862178,sl
2025-01-13 16:00:00+00:00,2025-01-15 07:00:00+00:00,buy,2681.22509765625,2698.2524154976195,0.08,135.73854273095597,tp
2025-01-15 09:00:00+00:00,2025-01-15 10:00:00+00:00,sell,2702.074951171875,2708.4746644297197,0.24,-155.03311818827336,sl
2025-01-15 14:00:00+00:00,2025-01-15 15:00:00+00:00,sell,2716.375,2701.906629792291,0.09,129.67533186938178,tp
2025-01-15 19:00:00+00:00,2025-01-16 01:00:00+00:00,sell,2718.175048828125,2726.851246743454,0.16,-139.77916664526217,sl
2025-01-16 10:00:00+00:00,2025-01-16 13:00:00+00:00,sell,2736.175048828125,2742.978526969109,0.14,-96.08869397377917,sl
2025-01-17 10:00:00+00:00,2025-01-17 12:00:00+00:00,buy,2731.22509765625,2739.5260375922553,0.16,131.8550389760849,tp
2025-01-17 17:00:00+00:00,2025-01-17 18:00:00+00:00,sell,2758.074951171875,2745.9100879971097,0.17,205.7826739710099,tp
2025-01-17 18:00:00+00:00,2025-01-17 20:00:00+00:00,sell,2753.175048828125,2740.3927989204117,0.26,330.77849760054636,tp
2025-01-21 15:00:00+00:00,2025-01-22 00:00:00+00:00,sell,2753.675048828125,2763.978549892791,0.09,-93.27150958199267,sl
2025-01-27 16:00:00+00:00,2025-01-27 17:00:00+00:00,buy,2745.02490234375,2732.718723770366,0.08,-98.92942858707146,sl
2025-01-27 19:00:00+00:00,2025-01-28 14:00:00+00:00,buy,2739.324951171875,2754.4877585978916,0.09,135.92526683414914,tp
2025-01-28 15:00:00+00:00,2025-01-28 16:00:00+00:00,sell,2758.175048828125,2765.0042768614135,0.23,-158.45224476563487,sl
2025-01-28 18:00:00+00:00,2025-01-28 19:00:00+00:00,sell,2766.97509765625,2773.9061483289565,0.14,-97.87470941789148,sl
2025-01-28 21:00:00+00:00,2025-01-29 14:00:00+00:00,sell,2771.675048828125,2777.280343205384,0.17,-96.31000441339985,sl
2025-01-30 08:00:00+00:00,2025-01-30 09:00:00+00:00,sell,2782.875,2793.1914687977096,0.09,-93.38821917938644,sl
2025-01-30 16:00:00+00:00,2025-01-30 23:00:00+00:00,sell,2825.574951171875,2855.8578976442327,0.03,-91.02883941707313,sl
2025-02-06 15:00:00+00:00,2025-02-07 00:00:00+00:00,buy,2861.925048828125,2882.376068983133,0.06,122.34612093004729,tp
2025-02-10 08:00:00+00:00,2025-02-10 10:00:00+00:00,sell,2920.27490234375,2929.832485696566,0.1,-96.17583352815981,sl
2025-02-10 12:00:00+00:00,2025-02-10 23:00:00+00:00,sell,2931.27490234375,2940.1832751341653,0.1,-89.68372790415341,sl
2025-02-11 13:00:00+00:00,2025-02-12 13:00:00+00:00,buy,2916.72509765625,2903.129711048573,0.07,-95.58770625373921,sl
2025-02-12 18:00:00+00:00,2025-02-13 03:00:00+00:00,sell,2930.675048828125,2943.0109665375494,0.07,-86.77142396597077,sl
2025-02-13 20:00:00+00:00,2025-02-14 13:00:00+00:00,sell,2955.375,2941.7976243472294,0.1,135.1737565277057,tp
2025-02-14 14:00:00+00:00,2025-02-14 15:00:00+00:00,buy,2940.425048828125,2929.6137682447943,0.13,-141.3266475832991,sl
2025-02-14 17:00:00+00:00,2025-02-14 18:00:00+00:00,buy,2912.425048828125,2896.372765887102,0.05,-80.56141470511447,sl
2025-02-14 20:00:00+00:00,2025-02-17 03:00:00+00:00,buy,2894.824951171875,2914.457505510565,0.07,137.0078803708312,tp
2025-02-18 15:00:00+00:00,2025-02-18 19:00:00+00:00,sell,2944.97509765625,2954.978211017032,0.09,-90.56802024703988,sl
2025-02-18 21:00:00+00:00,2025-02-19 09:00:00+00:00,sell,2951.074951171875,2959.380081174172,0.11,-92.0164300252683,sl
2025-02-19 11:00:00+00:00,2025-02-19 12:00:00+00:00,sell,2961.97509765625,2948.92433736488,0.1,129.90760291369898,tp
2025-02-20 09:00:00+00:00,2025-02-20 12:00:00+00:00,sell,2971.875,2960.6947259336794,0.12,133.44328879584762,tp
2025-02-24 14:00:00+00:00,2025-02-24 15:00:00+00:00,sell,2972.47509765625,2953.3403637066485,0.07,133.5231376472103,tp
2025-02-25 08:00:00+00:00,2025-02-25 14:00:00+00:00,buy,2945.52490234375,2959.479917963535,0.1,138.95015619785173,tp
2025-02-25 16:00:00+00:00,2025-02-27 07:00:00+00:00,buy,2918.22509765625,2900.3633877703155,0.08,-143.3736790874759,sl
2025-02-27 09:00:00+00:00,2025-02-27 14:00:00+00:00,buy,2892.72509765625,2881.1658724281538,0.08,-92.95380182476991,sl
2025-02-28 14:00:00+00:00,2025-02-28 15:00:00+00:00,buy,2860.72509765625,2848.4211527869547,0.07,-86.54761408506687,sl
2025-03-03 16:00:00+00:00,2025-03-04 07:00:00+00:00,sell,2898.675048828125,2909.736300323434,0.08,-88.97001196247264,sl
2025-03-04 09:00:00+00:00,2025-03-04 12:00:00+00:00,sell,2924.875,2937.0287399442263,0.07,-85.49617960958443,sl
2025-03-04 14:00:00+00:00,2025-03-04 15:00:00+00:00,sell,2933.675048828125,2914.3877121802193,0.07,134.59135653533994,tp
2025-03-06 10:00:00+00:00,2025-03-06 14:00:00+00:00,buy,2901.324951171875,2918.394994220902,0.08,136.0803443922155,tp
2025-03-07 09:00:00+00:00,2025-03-07 13:00:00+00:00,sell,2930.074951171875,2918.5721333361025,0.12,137.3138140292697,tp
2025-03-10 09:00:00+00:00,2025-03-10 17:00:00+00:00,buy,2904.52490234375,2893.1686104595137,0.08,-91.33033507389017,sl
2025-03-10 19:00:00+00:00,2025-03-11 08:00:00+00:00,buy,2890.824951171875,2910.080789694753,0.07,134.37086966014667,tp
2025-03-11 09:00:00+00:00,2025-03-11 13:00:00+00:00,sell,2914.47509765625,2923.7903281228632,0.16,-150.00368746581168,sl
2025-03-12 16:00:00+00:00,2025-03-12 17:00:00+00:00,sell,2935.675048828125,2946.5603135597794,0.08,-87.56211785323511,sl
2025-03-12 19:00:00+00:00,2025-03-13 02:00:00+00:00,sell,2943.175048828125,2952.1548781262195,0.1,-90.398292980945,sl
2025-03-13 15:00:00+00:00,2025-03-13 16:00:00+00:00,sell,2980.675048828125,2993.3247944271857,0.07,-88.96821919342477,sl
2025-03-13 18:00:00+00:00,2025-03-13 22:00:00+00:00,sell,2991.47509765625,3002.7211112173277,0.08,-90.44810848862151,sl
2025-03-17 11:00:00+00:00,2025-03-17 12:00:00+00:00,sell,3006.875,2996.7824392312236,0.13,130.42328999409276,tp
2025-03-17 22:00:00+00:00,2025-03-18 01:00:00+00:00,sell,3009.27490234375,3015.635911780753,0.22,-141.26220761406267,sl
2025-03-18 09:00:00+00:00,2025-03-18 12:00:00+00:00,sell,3035.375,3043.986833042175,0.1,-86.71833042175021,sl
2025-03-19 19:00:00+00:00,2025-03-20 10:00:00+00:00,sell,3055.47509765625,3038.8351710225975,0.08,132.63941306922018,tp
2025-03-21 14:00:00+00:00,2025-03-23 22:00:00+00:00,buy,3010.824951171875,3030.5289283981306,0.06,117.86386335753345,tp
2025-03-26 08:00:00+00:00,2025-03-26 09:00:00+00:00,sell,3034.27490234375,3023.316234024047,0.12,130.78401983643678,tp
2025-03-27 10:00:00+00:00,2025-03-27 11:00:00+00:00,sell,3048.574951171875,3057.742099072809,0.1,-92.27147900934196,sl
2025-03-27 15:00:00+00:00,2025-03-28 01:00:00+00:00,sell,3068.97509765625,3081.9802490398347,0.07,-91.45605968509284,sl
2025-04-09 12:00:00+00:00,2025-04-09 17:00:00+00:00,sell,3084.675048828125,3114.609704396785,0.03,-89.98396670598066,sl
2025-04-09 20:00:00+00:00,2025-04-10 03:00:00+00:00,sell,3110.47509765625,3146.56711231971,0.02,-72.3040293269197,sl
2025-04-10 19:00:00+00:00,2025-04-11 00:00:00+00:00,sell,3190.97509765625,3225.452792809789,0.02,-69.07539030707824,sl
2025-04-16 08:00:00+00:00,2025-04-16 14:00:00+00:00,sell,3316.574951171875,3333.69989396691,0.05,-85.92471397517583,sl
2025-04-16 16:00:00+00:00,2025-04-16 22:00:00+00:00,sell,3340.875,3359.065241443586,0.04,-73.00096577434327,sl
2025-04-17 15:00:00+00:00,2025-04-17 17:00:00+00:00,buy,3304.52490234375,3334.4565206115776,0.04,119.48647307131047,tp
2025-04-21 12:00:00+00:00,2025-04-21 13:00:00+00:00,sell,3415.77490234375,3431.151179424187,0.05,-77.1813854021846,sl
2025-04-21 16:00:00+00:00,2025-04-21 23:00:00+00:00,sell,3433.875,3452.2530796390242,0.04,-73.75231855609694,sl
2025-04-22 17:00:00+00:00,2025-04-22 22:00:00+00:00,buy,3405.425048828125,3372.4360849464333,0.02,-66.09792776338338,sl
2025-04-23 14:00:00+00:00,2025-04-24 00:00:00+00:00,buy,3287.925048828125,3338.9483658613476,0.02,101.92663406644522,tp
2025-04-25 10:00:00+00:00,2025-04-25 13:00:00+00:00,buy,3302.22509765625,3280.920578268108,0.04,-85.4580775525685,sl
2025-04-25 15:00:00+00:00,2025-04-25 19:00:00+00:00,buy,3288.22509765625,3319.526008510019,0.04,124.96364341507594,tp
2025-04-28 15:00:00+00:00,2025-04-28 18:00:00+00:00,sell,3339.375,3361.805807573504,0.04,-89.96323029401559,sl
2025-04-28 20:00:00+00:00,2025-04-29 01:00:00+00:00,sell,3362.375,3335.888052559679,0.04,105.70778976128328,tp
2025-04-30 09:00:00+00:00,2025-04-30 11:00:00+00:00,buy,3293.824951171875,3278.6753200434882,0.05,-76.04815564193386,sl
2025-05-01 12:00:00+00:00,2025-05-01 20:00:00+00:00,buy,3213.02490234375,3245.373895385931,0.04,129.15597216872425,tp
2025-05-02 17:00:00+00:00,2025-05-05 01:00:00+00:00,buy,3231.925048828125,3261.9611374211054,0.04,119.90435437192151,tp
2025-05-05 09:00:00+00:00,2025-05-05 10:00:00+00:00,sell,3290.77490234375,3308.8644374537726,0.07,-127.04674577015788,sl
2025-05-05 12:00:00+00:00,2025-05-05 14:00:00+00:00,sell,3321.77490234375,3337.473803166667,0.05,-78.7945041145852,sl
2025-05-05 18:00:00+00:00,2025-05-05 19:00:00+00:00,sell,3325.27490234375,3339.3025372395264,0.06,-84.52580937465824,sl
2025-05-05 22:00:00+00:00,2025-05-06 01:00:00+00:00,sell,3345.574951171875,3359.3282307432887,0.06,-82.87967742848228,sl
2025-05-06 13:00:00+00:00,2025-05-06 16:00:00+00:00,sell,3399.375,3416.3527288128,0.05,-85.18864406399898,sl
2025-05-06 18:00:00+00:00,2025-05-06 20:00:00+00:00,sell,3422.074951171875,3438.574979926799,0.05,-82.80014377462093,sl
2025-05-08 09:00:00+00:00,2025-05-08 16:00:00+00:00,buy,3344.72509765625,3322.2912655063924,0.03,-67.48149644957283,sl
2025-05-08 18:00:00+00:00,2025-05-08 19:00:00+00:00,buy,3313.824951171875,3293.310052366738,0.04,-82.29959522054763,sl
2025-05-08 22:00:00+00:00,2025-05-09 02:00:00+00:00,buy,3310.324951171875,3290.094477196446,0.04,-81.16189590171619,sl
2025-05-09 16:00:00+00:00,2025-05-11 22:00:00+00:00,sell,3350.175048828125,3326.074353318599,0.05,120.20347754762925,tp
2025-05-12 08:00:00+00:00,2025-05-13 05:00:00+00:00,buy,3226.925048828125,3264.4752446552297,0.03,112.47058748131423,tp
2025-05-14 13:00:00+00:00,2025-05-15 02:00:00+00:00,buy,3188.72509765625,3168.907694138947,0.04,-79.50961406921145,sl
2025-05-15 15:00:00+00:00,2025-05-15 17:00:00+00:00,sell,3208.47509765625,3227.4801323242455,0.04,-76.26013867198184,sl
2025-05-15 19:00:00+00:00,2025-05-15 20:00:00+00:00,sell,3226.27490234375,3241.8650306854993,0.05,-78.25064170874639,sl
2025-05-16 11:00:00+00:00,2025-05-18 22:00:00+00:00,buy,3179.324951171875,3212.6787053342764,0.03,99.8812624872042,tp
2025-05-20 09:00:00+00:00,2025-05-20 12:00:00+00:00,sell,3238.675048828125,3253.1582282525515,0.05,-72.71589712213226,sl
2025-05-20 14:00:00+00:00,2025-05-20 15:00:00+00:00,sell,3264.27490234375,3283.0888097660063,0.04,-75.49562968902522,sl
2025-05-20 17:00:00+00:00,2025-05-20 19:00:00+00:00,sell,3281.675048828125,3297.8260952740907,0.05,-81.05523222982838,sl
2025-05-22 10:00:00+00:00,2025-05-22 11:00:00+00:00,buy,3305.324951171875,3290.046947530115,0.05,-76.69001820879912,sl
2025-05-22 14:00:00+00:00,2025-05-23 05:00:00+00:00,buy,3286.925048828125,3319.9070383044154,0.03,98.7659684288713,tp
2025-05-23 12:00:00+00:00,2025-05-23 13:00:00+00:00,sell,3348.375,3364.4053428554776,0.07,-112.63239998834291,sl
2025-05-23 15:00:00+00:00,2025-05-26 00:00:00+00:00,sell,3359.574951171875,3331.453678961993,0.04,112.24508883952855,tp
2025-05-27 08:00:00+00:00,2025-05-28 07:00:00+00:00,buy,3295.72509765625,3318.5896401234695,0.05,114.02271233609754,tp
2025-05-28 22:00:00+00:00,2025-05-28 23:00:00+00:00,buy,3283.824951171875,3268.7841627535868,0.08,-120.80630734630584,sl
2025-05-29 18:00:00+00:00,2025-05-30 12:00:00+00:00,sell,3348.875,3310.082520800798,0.03,116.19743759760541,tp
2025-06-02 08:00:00+00:00,2025-06-02 13:00:00+00:00,sell,3377.074951171875,3391.8639103061205,0.05,-74.24479567122744,sl
2025-06-02 15:00:00+00:00,2025-06-02 22:00:00+00:00,sell,3400.375,3416.0623896940574,0.05,-78.736948470287,sl
2025-06-04 18:00:00+00:00,2025-06-05 10:00:00+00:00,sell,3403.675048828125,3417.56357464267,0.05,-69.74262907272559,sl
2025-06-05 16:00:00+00:00,2025-06-06 05:00:00+00:00,buy,3367.824951171875,3397.6169657247297,0.04,118.92805821141862,tp
2025-06-06 15:00:00+00:00,2025-06-06 20:00:00+00:00,buy,3348.824951171875,3331.5254795744845,0.07,-121.51630118173347,sl
2025-06-08 22:00:00+00:00,2025-06-09 00:00:00+00:00,buy,3333.52490234375,3319.8652669124085,0.06,-82.31781258804891,sl
2025-06-09 17:00:00+00:00,2025-06-10 00:00:00+00:00,sell,3358.375,3341.5076812392153,0.07,117.6512313254926,tp
2025-06-10 11:00:00+00:00,2025-06-10 13:00:00+00:00,sell,3356.074951171875,3367.5859357120908,0.1,-115.70984540215758,sl
2025-06-11 22:00:00+00:00,2025-06-11 23:00:00+00:00,sell,3377.375,3392.884675623892,0.05,-77.8483781194589,sl
2025-06-16 08:00:00+00:00,2025-06-16 13:00:00+00:00,buy,3432.22509765625,3418.9701896472143,0.06,-79.8894480542143,sl
2025-06-16 18:00:00+00:00,2025-06-17 03:00:00+00:00,buy,3412.324951171875,3398.0112701153375,0.05,-71.8684052826873,sl
2025-06-18 20:00:00+00:00,2025-06-19 01:00:00+00:00,buy,3384.324951171875,3403.8796204254736,0.05,97.47334626799302,tp
2025-06-20 14:00:00+00:00,2025-06-22 22:00:00+00:00,sell,3386.375,3400.3079946704165,0.05,-69.9649733520826,sl
2025-06-23 12:00:00+00:00,2025-06-23 16:00:00+00:00,sell,3395.375,3409.21602818966,0.05,-69.50514094829968,sl
2025-06-24 14:00:00+00:00,2025-06-25 00:00:00+00:00,buy,3316.125,3341.3007039499607,0.04,100.46281579984294,tp
2025-06-25 14:00:00+00:00,2025-06-25 16:00:00+00:00,buy,3328.324951171875,3344.0264719480047,0.1,156.41520776129656,tp
2025-06-27 08:00:00+00:00,2025-06-27 12:00:00+00:00,buy,3296.324951171875,3283.549363474336,0.06,-77.0135261852332,sl
2025-06-30 17:00:00+00:00,2025-06-30 19:00:00+00:00,sell,3308.97509765625,3320.139809996645,0.07,-78.57298638276501,sl
2025-06-30 22:00:00+00:00,2025-07-01 00:00:00+00:00,sell,3315.574951171875,3327.0042304645776,0.06,-68.93567575621579,sl
2025-07-01 08:00:00+00:00,2025-07-01 09:00:00+00:00,sell,3350.875,3360.251665355933,0.08,-75.49332284746241,sl
2025-07-01 11:00:00+00:00,2025-07-01 12:00:00+00:00,sell,3360.47509765625,3369.6489278639674,0.08,-73.87064166173921,sl
2025-07-02 19:00:00+00:00,2025-07-02 22:00:00+00:00,sell,3365.47509765625,3374.6299889985376,0.08,-73.71913073830045,sl
2025-07-07 17:00:00+00:00,2025-07-07 19:00:00+00:00,sell,3337.375,3348.634244983383,0.06,-67.91546990029688,sl
2025-07-07 22:00:00+00:00,2025-07-08 08:00:00+00:00,sell,3348.77490234375,3334.3223524978675,0.07,100.74784892117722,tp
2025-07-08 14:00:00+00:00,2025-07-08 15:00:00+00:00,buy,3324.625,3312.4874021535643,0.08,-97.58078277148569,sl
2025-07-08 17:00:00+00:00,2025-07-09 02:00:00+00:00,buy,3309.02490234375,3296.7435359873075,0.06,-74.04819813865502,sl
2025-07-09 15:00:00+00:00,2025-07-10 01:00:00+00:00,sell,3320.27490234375,3332.259249298268,0.06,-72.26608172710836,sl
2025-07-11 13:00:00+00:00,2025-07-11 15:00:00+00:00,sell,3366.97509765625,3378.757274294287,0.06,-71.05305982822243,sl
2025-07-14 13:00:00+00:00,2025-07-15 13:00:00+00:00,buy,3358.824951171875,3347.055104306688,0.06,-70.97908119112195,sl
2025-07-15 16:00:00+00:00,2025-07-16 15:00:00+00:00,buy,3336.425048828125,3356.6117796002713,0.05,100.63365386073174,tp
2025-07-17 13:00:00+00:00,2025-07-17 14:00:00+00:00,buy,3318.22509765625,3335.572146167193,0.06,103.72229106565705,tp
2025-07-17 20:00:00+00:00,2025-07-18 07:00:00+00:00,sell,3345.375,3353.7521975932777,0.12,-101.2463711193329,sl
2025-07-18 10:00:00+00:00,2025-07-18 12:00:00+00:00,sell,3357.97509765625,3366.1231466998433,0.09,-73.87244139234012,sl
2025-07-21 12:00:00+00:00,2025-07-21 13:00:00+00:00,sell,3382.77490234375,3392.1390451088328,0.07,-65.96899935557933,sl
2025-07-21 15:00:00+00:00,2025-07-22 06:00:00+00:00,sell,3413.675048828125,3397.163119412064,0.06,98.7115764963652,tp
2025-07-22 13:00:00+00:00,2025-07-22 14:00:00+00:00,sell,3419.175048828125,3429.143758441554,0.1,-100.28709613428927,sl
2025-07-22 16:00:00+00:00,2025-07-23 13:00:00+00:00,sell,3440.97509765625,3423.024048549826,0.05,89.45524553211926,tp
2025-07-23 16:00:00+00:00,2025-07-24 01:00:00+00:00,buy,3406.625,3392.6130693111536,0.07,-98.50351482192485,sl
2025-07-24 08:00:00+00:00,2025-07-24 12:00:00+00:00,buy,3372.72509765625,3362.116650181314,0.06,-64.01068484961557,sl
2025-07-25 09:00:00+00:00,2025-07-25 12:00:00+00:00,buy,3347.22509765625,3338.5570113577087,0.08,-69.8246903883305,sl
2025-07-25 15:00:00+00:00,2025-07-28 13:00:00+00:00,buy,3333.02490234375,3321.875314709338,0.06,-67.257525806472,sl
2025-07-28 15:00:00+00:00,2025-07-29 08:00:00+00:00,buy,3306.425048828125,3326.0284354424134,0.05,97.71693307144206,tp
2025-07-30 08:00:00+00:00,2025-07-30 09:00:00+00:00,sell,3383.074951171875,3347.116649440187,0.02,71.7966034633763,tp
2025-08-01 13:00:00+00:00,2025-08-01 19:00:00+00:00,sell,3393.97509765625,3410.4248554986357,0.04,-66.03903136954271,sl
2025-08-03 22:00:00+00:00,2025-08-03 23:00:00+00:00,sell,3399.675048828125,3413.767251177298,0.05,-70.7610117458651,sl
2025-08-04 12:00:00+00:00,2025-08-04 13:00:00+00:00,sell,3423.875,3434.6328664580933,0.06,-64.90719874855982,sl
2025-08-05 10:00:00+00:00,2025-08-05 11:00:00+00:00,buy,3413.52490234375,3404.6731333633365,0.07,-62.38238286289418,sl
2025-08-05 15:00:00+00:00,2025-08-06 08:00:00+00:00,sell,3439.574951171875,3422.072984071787,0.05,87.20983550044112,tp
2025-08-06 09:00:00+00:00,2025-08-06 14:00:00+00:00,buy,3419.324951171875,3432.2735662302393,0.1,128.8861505836434,tp
2025-08-07 08:00:00+00:00,2025-08-07 09:00:00+00:00,sell,3469.074951171875,3449.6671800615923,0.05,96.73885555141369,tp
2025-08-07 22:00:00+00:00,2025-08-08 00:00:00+00:00,sell,3487.77490234375,3508.9401817087573,0.04,-84.90111746002934,sl
2025-08-08 19:00:00+00:00,2025-08-08 20:00:00+00:00,buy,3453.824951171875,3485.6357700774147,0.03,95.25245671661906,tp
2025-08-08 20:00:00+00:00,2025-08-11 01:00:00+00:00,buy,3456.925048828125,3432.0762501618688,0.03,-74.72639599876874,sl
2025-08-11 10:00:00+00:00,2025-08-11 20:00:00+00:00,buy,3409.324951171875,3393.654210891797,0.04,-62.92296112031203,sl
2025-08-13 11:00:00+00:00,2025-08-13 18:00:00+00:00,sell,3416.574951171875,3403.048205284033,0.07,94.26722121489419,tp
2025-08-14 08:00:00+00:00,2025-08-14 14:00:00+00:00,buy,3394.324951171875,3383.6722660939636,0.06,-64.27611046746857,sl
2025-08-14 17:00:00+00:00,2025-08-17 23:00:00+00:00,buy,3380.425048828125,3367.9697007298523,0.05,-62.576740491363395,sl
2025-08-18 15:00:00+00:00,2025-08-19 00:00:00+00:00,buy,3379.625,3371.5250621929004,0.08,-65.2795024567972,sl
2025-08-19 16:00:00+00:00,2025-08-19 23:00:00+00:00,buy,3366.625,3357.2722405442582,0.07,-65.88931619019233,sl
2025-08-20 12:00:00+00:00,2025-08-20 13:00:00+00:00,sell,3375.77490234375,3383.4706019647715,0.09,-69.80129658919354,sl
2025-08-20 15:00:00+00:00,2025-08-21 06:00:00+00:00,sell,3390.77490234375,3377.5861482999126,0.07,91.90127830686205,tp
2025-08-21 11:00:00+00:00,2025-08-21 12:00:00+00:00,buy,3371.324951171875,3383.02828034589,0.12,139.7199500881791,tp
2025-08-22 15:00:00+00:00,2025-08-25 23:00:00+00:00,sell,3419.27490234375,3398.2213467773527,0.05,104.96777783198668,tp
2025-08-26 20:00:00+00:00,2025-08-27 05:00:00+00:00,sell,3437.574951171875,3424.5577816131477,0.08,103.65735646981877,tp
2025-08-27 17:00:00+00:00,2025-08-28 11:00:00+00:00,sell,3448.77490234375,3457.876265256463,0.11,-100.77499203984112,sl
2025-08-28 15:00:00+00:00,2025-08-29 00:00:00+00:00,sell,3468.77490234375,3479.054068941298,0.07,-72.3741661828348,sl
2025-08-29 14:00:00+00:00,2025-08-29 15:00:00+00:00,sell,3492.375,3502.628386298393,0.07,-72.19370408874958,sl
2025-08-29 17:00:00+00:00,2025-09-02 04:00:00+00:00,sell,3517.27490234375,3528.062469198585,0.06,-65.0854011290097,sl
2025-09-02 16:00:00+00:00,2025-09-03 00:00:00+00:00,sell,3585.97509765625,3604.103936695096,0.03,-54.56651711653756,sl
2025-09-03 16:00:00+00:00,2025-09-04 00:00:00+00:00,sell,3628.47509765625,3609.382331432426,0.05,95.16383111912064,tp
2025-09-05 13:00:00+00:00,2025-09-05 16:00:00+00:00,sell,3639.47509765625,3655.518671743856,0.04,-64.4142963504239,sl
2025-09-05 18:00:00+00:00,2025-09-07 22:00:00+00:00,sell,3651.574951171875,3629.366032814239,0.04,88.59567343054347,tp
2025-09-08 08:00:00+00:00,2025-09-08 12:00:00+00:00,sell,3650.47509765625,3663.7076629800126,0.05,-66.46282661881314,sl
2025-09-08 14:00:00+00:00,2025-09-09 01:00:00+00:00,sell,3672.97509765625,3686.272733916004,0.05,-66.788181298771,sl
2025-09-09 20:00:00+00:00,2025-09-09 22:00:00+00:00,buy,3668.425048828125,3654.116227426963,0.04,-57.47528560464729,sl
2025-09-10 10:00:00+00:00,2025-09-10 19:00:00+00:00,sell,3693.175048828125,3677.603154717925,0.06,93.07136466119995,tp
2025-09-11 12:00:00+00:00,2025-09-11 14:00:00+00:00,buy,3655.02490234375,3675.742936409414,0.04,82.63213626265657,tp
2025-09-15 15:00:00+00:00,2025-09-15 16:00:00+00:00,sell,3701.375,3715.0222502921442,0.05,-68.53625146072118,sl
2025-09-15 18:00:00+00:00,2025-09-16 08:00:00+00:00,sell,3721.47509765625,3733.4032416681844,0.05,-59.94072005967182,sl
2025-09-16 10:00:00+00:00,2025-09-16 13:00:00+00:00,sell,3736.074951171875,3722.8070079166832,0.07,92.45560278634238,tp
2025-09-17 08:00:00+00:00,2025-09-17 13:00:00+00:00,buy,3703.824951171875,3717.5792808329475,0.07,95.86030762750724,tp
2025-09-17 19:00:00+00:00,2025-09-18 13:00:00+00:00,buy,3685.925048828125,3665.8332196100864,0.04,-80.60731687215433,sl
2025-09-19 15:00:00+00:00,2025-09-19 17:00:00+00:00,sell,3700.77490234375,3713.759053241361,0.05,-65.22075448805508,sl
2025-09-19 19:00:00+00:00,2025-09-22 01:00:00+00:00,sell,3717.77490234375,3728.66173500574,0.06,-65.68099597193974,sl
2025-09-22 09:00:00+00:00,2025-09-22 15:00:00+00:00,sell,3754.47509765625,3766.852226523959,0.05,-62.185644338544805,sl
2025-09-22 17:00:00+00:00,2025-09-22 19:00:00+00:00,sell,3771.074951171875,3783.1166231940665,0.05,-60.508360110957526,sl
2025-09-22 22:00:00+00:00,2025-09-23 01:00:00+00:00,sell,3781.074951171875,3790.8576635695763,0.06,-59.05627438620773,sl
2025-09-23 09:00:00+00:00,2025-09-23 19:00:00+00:00,sell,3808.375,3787.1514314677806,0.04,84.65427412887745,tp
2025-09-24 16:00:00+00:00,2025-09-24 18:00:00+00:00,buy,3774.324951171875,3759.488885556071,0.04,-59.584262463215275,sl
2025-09-24 20:00:00+00:00,2025-09-25 07:00:00+00:00,buy,3762.52490234375,3782.863463846477,0.04,81.11424601090745,tp
2025-09-26 15:00:00+00:00,2025-09-29 02:00:00+00:00,sell,3808.375,3822.9122360769597,0.04,-58.388944307838976,sl
2025-09-29 09:00:00+00:00,2025-09-30 00:00:00+00:00,sell,3848.375,3864.712499433566,0.04,-65.58999773426352,sl
2025-09-30 09:00:00+00:00,2025-09-30 14:00:00+00:00,buy,3843.824951171875,3875.6310556365634,0.03,95.23831339406507,tp
2025-09-30 20:00:00+00:00,2025-10-01 07:00:00+00:00,sell,3886.675048828125,3904.577776771171,0.04,-71.8509117721844,sl
2025-10-01 09:00:00+00:00,2025-10-01 12:00:00+00:00,sell,3920.074951171875,3897.3054354068877,0.04,90.83806305994928,tp
2025-10-02 12:00:00+00:00,2025-10-02 13:00:00+00:00,sell,3911.175048828125,3923.236640745161,0.05,-60.60795958517956,sl
2025-10-02 15:00:00+00:00,2025-10-03 12:00:00+00:00,buy,3863.824951171875,3897.085249201532,0.03,99.60089408897085,tp
2025-10-03 13:00:00+00:00,2025-10-03 15:00:00+00:00,sell,3898.27490234375,3913.077462016853,0.06,-89.1753580386188,sl
2025-10-06 16:00:00+00:00,2025-10-07 13:00:00+00:00,sell,3986.27490234375,4006.139355694745,0.03,-59.77336005298519,sl
2025-10-08 08:00:00+00:00,2025-10-08 09:00:00+00:00,sell,4056.27490234375,4069.7747749903615,0.04,-54.239490586445974,sl
2025-10-08 17:00:00+00:00,2025-10-08 19:00:00+00:00,sell,4078.47509765625,4052.6679193917853,0.03,77.24153479339412,tp
2025-10-09 13:00:00+00:00,2025-10-09 14:00:00+00:00,sell,4072.675048828125,4040.337026501718,0.03,96.83406697922129,tp
2025-10-09 17:00:00+00:00,2025-10-10 15:00:00+00:00,buy,3982.324951171875,4028.8727184635504,0.03,139.46330187502627,tp
2025-10-13 14:00:00+00:00,2025-10-13 16:00:00+00:00,sell,4113.47509765625,4132.7334616185135,0.03,-57.955091886790505,sl
2025-10-13 18:00:00+00:00,2025-10-13 23:00:00+00:00,sell,4123.1748046875,4140.95173681561,0.03,-53.510796384330824,sl
2025-10-15 08:00:00+00:00,2025-10-15 09:00:00+00:00,sell,4225.5751953125,4196.451880109683,0.03,87.18994560845141,tp
2025-10-16 15:00:00+00:00,2025-10-16 16:00:00+00:00,sell,4278.6748046875,4300.394443589049,0.03,-65.3389167046468,sl
2025-10-16 18:00:00+00:00,2025-10-16 20:00:00+00:00,sell,4309.27490234375,4333.905932953328,0.02,-49.382061219156746,sl
2025-10-17 15:00:00+00:00,2025-10-17 16:00:00+00:00,buy,4262.4248046875,4215.1971249992275,0.01,-47.287679688272476,sl
2025-10-17 18:00:00+00:00,2025-10-20 12:00:00+00:00,buy,4234.3251953125,4304.5539441708925,0.01,70.16874885839246,tp
2025-10-20 13:00:00+00:00,2025-10-20 18:00:00+00:00,sell,4340.77490234375,4376.069855315346,0.02,-70.70990594319221,sl
2025-10-20 20:00:00+00:00,2025-10-21 05:00:00+00:00,sell,4394.27490234375,4348.367807486071,0.02,91.69418971535822,tp
2025-10-21 08:00:00+00:00,2025-10-21 09:00:00+00:00,buy,4312.72509765625,4275.557681138668,0.02,-74.45483303516369,sl
2025-10-21 11:00:00+00:00,2025-10-21 12:00:00+00:00,buy,4268.125,4234.074836218962,0.02,-68.22032756207511,sl
2025-10-21 14:00:00+00:00,2025-10-21 15:00:00+00:00,buy,4186.02490234375,4131.550126168176,0.01,-54.534776175574336,sl
2025-10-21 17:00:00+00:00,2025-10-22 00:00:00+00:00,buy,4125.3251953125,4075.0921654352073,0.01,-50.29302987729267,sl
2025-10-24 08:00:00+00:00,2025-10-24 11:00:00+00:00,buy,4088.925048828125,4062.157617183189,0.02,-53.65486328987219,sl
2025-10-27 15:00:00+00:00,2025-10-28 06:00:00+00:00,buy,4002.22509765625,3969.3183890242876,0.01,-32.966708631962376,sl
2025-10-28 08:00:00+00:00,2025-10-28 09:00:00+00:00,buy,3947.72509765625,3915.490818070746,0.02,-64.58855917100766,sl
2025-10-29 09:00:00+00:00,2025-10-29 18:00:00+00:00,sell,4029.375,3991.818790657116,0.02,74.9924186857678,tp
2025-10-29 20:00:00+00:00,2025-10-29 22:00:00+00:00,buy,3958.824951171875,3925.025660448617,0.02,-67.71858144651571,sl
2025-10-30 19:00:00+00:00,2025-10-30 22:00:00+00:00,sell,4028.175048828125,4055.1680955514958,0.02,-54.106093446741504,sl
2025-11-03 08:00:00+00:00,2025-11-03 09:00:00+00:00,sell,4036.074951171875,4003.6876163465995,0.02,64.654669650551,tp
2025-11-04 19:00:00+00:00,2025-11-05 05:00:00+00:00,buy,3947.625,3983.168578626967,0.02,70.96715725393358,tp
2025-11-05 09:00:00+00:00,2025-11-06 07:00:00+00:00,sell,3989.675048828125,4008.5355989241903,0.04,-75.68220038426101,sl
2025-11-06 09:00:00+00:00,2025-11-06 14:00:00+00:00,sell,4023.97509765625,4004.3613814501455,0.04,78.21486482441811,tp
2025-11-10 08:00:00+00:00,2025-11-10 12:00:00+00:00,sell,4083.27490234375,4098.912841134896,0.04,-62.791755164582575,sl
2025-11-10 14:00:00+00:00,2025-11-10 18:00:00+00:00,sell,4099.77490234375,4116.887451658369,0.03,-51.51764794385752,sl
2025-11-10 20:00:00+00:00,2025-11-11 00:00:00+00:00,sell,4120.875,4136.128217103843,0.04,-61.25286841537149,sl
2025-11-12 16:00:00+00:00,2025-11-12 17:00:00+00:00,sell,4187.5751953125,4209.796115483903,0.02,-44.56184034280624,sl
2025-11-12 19:00:00+00:00,2025-11-13 08:00:00+00:00,sell,4213.6748046875,4235.8772230600025,0.02,-44.52483674500501,sl
2025-11-13 10:00:00+00:00,2025-11-13 14:00:00+00:00,sell,4237.97509765625,4207.901311146081,0.03,90.04135953050746,tp
2025-11-13 19:00:00+00:00,2025-11-14 02:00:00+00:00,buy,4161.625,4206.5321416997185,0.02,89.69428339943704,tp
2025-11-14 12:00:00+00:00,2025-11-14 13:00:00+00:00,buy,4135.22509765625,4107.951066073107,0.03,-82.00209474943011,sl
2025-11-17 20:00:00+00:00,2025-11-18 13:00:00+00:00,buy,4011.52490234375,4057.9410253443507,0.02,92.71224600120138,tp
2025-11-18 14:00:00+00:00,2025-11-19 05:00:00+00:00,sell,4065.574951171875,4092.0087727912346,0.03,-79.48146485807882,sl
2025-11-19 10:00:00+00:00,2025-11-19 16:00:00+00:00,sell,4113.97509765625,4082.9737437471563,0.03,92.82406172728116,tp
2025-11-21 17:00:00+00:00,2025-11-21 20:00:00+00:00,sell,4099.47509765625,4055.344589411598,0.02,88.14101648930398,tp
2025-11-24 16:00:00+00:00,2025-11-24 18:00:00+00:00,sell,4089.875,4107.43993358163,0.03,-52.87480074488911,sl
2025-11-24 20:00:00+00:00,2025-11-24 21:00:00+00:00,sell,4117.27490234375,4137.266533093316,0.03,-60.15489224869787,sl
2025-12-05 15:00:00+00:00,2025-12-05 16:00:00+00:00,sell,4272.1748046875,4241.077159304214,0.03,93.11293614985908,tp
2025-12-10 21:00:00+00:00,2025-12-11 01:00:00+00:00,sell,4258.97509765625,4277.78118482004,0.03,-56.598261491369776,sl
2025-12-11 16:00:00+00:00,2025-12-11 17:00:00+00:00,sell,4285.27490234375,4309.134403064956,0.02,-47.83900144241226,sl
2025-12-11 19:00:00+00:00,2025-12-12 07:00:00+00:00,sell,4298.27490234375,4320.194852007673,0.02,-43.95989932784607,sl
2025-12-12 09:00:00+00:00,2025-12-12 10:00:00+00:00,sell,4339.27490234375,4354.913531585673,0.04,-62.7945169676916,sl
2025-12-12 12:00:00+00:00,2025-12-12 15:00:00+00:00,sell,4374.27490234375,4348.49092504897,0.03,77.17193188434004,tp
2025-12-12 15:00:00+00:00,2025-12-12 16:00:00+00:00,sell,4381.0751953125,4337.538655477017,0.02,86.95307967096676,tp
2025-12-15 17:00:00+00:00,2025-12-16 03:00:00+00:00,buy,4328.22509765625,4308.605801407836,0.03,-59.037888745241325,sl
2025-12-16 14:00:00+00:00,2025-12-16 15:00:00+00:00,sell,4342.5751953125,4361.208916825816,0.03,-56.081164539948695,sl
2025-12-19 16:00:00+00:00,2025-12-22 00:00:00+00:00,sell,4381.1748046875,4396.581371864638,0.04,-61.866268708550926,sl
2025-12-22 08:00:00+00:00,2025-12-22 13:00:00+00:00,sell,4446.77490234375,4462.413247996897,0.04,-62.793382612586576,sl
2025-12-22 16:00:00+00:00,2025-12-22 21:00:00+00:00,sell,4467.0751953125,4483.783939058301,0.03,-50.30623123740377,sl
2025-12-29 12:00:00+00:00,2025-12-29 13:00:00+00:00,buy,4466.52490234375,4436.449601993361,0.02,-60.27060070077743,sl
2025-12-29 15:00:00+00:00,2025-12-31 05:00:00+00:00,buy,4378.72509765625,4332.317752370753,0.01,-46.46734528549729,sl
2026-01-02 16:00:00+00:00,2026-01-02 18:00:00+00:00,buy,4346.8251953125,4320.173154489355,0.02,-53.424081646290794,sl
2026-01-02 20:00:00+00:00,2026-01-04 23:00:00+00:00,buy,4328.4248046875,4360.783761899903,0.02,64.59791442480571,tp
2026-01-05 10:00:00+00:00,2026-01-05 12:00:00+00:00,sell,4445.875,4417.17210646985,0.03,85.92868059044878,tp
2026-01-05 16:00:00+00:00,2026-01-06 05:00:00+00:00,sell,4458.6748046875,4481.83331141083,0.03,-69.65552016998998,sl
2026-01-06 15:00:00+00:00,2026-01-07 05:00:00+00:00,sell,4497.875,4464.5543010271695,0.02,66.52139794566108,tp
2026-01-08 17:00:00+00:00,2026-01-08 23:00:00+00:00,sell,4472.5751953125,4493.065828810232,0.03,-61.6519004931967,sl
2026-01-09 16:00:00+00:00,2026-01-11 23:00:00+00:00,sell,4521.6748046875,4542.118861174435,0.03,-61.512169460803925,sl
2026-01-12 14:00:00+00:00,2026-01-12 23:00:00+00:00,sell,4626.47509765625,4589.690728469201,0.02,73.44873837409875,tp
2026-01-13 15:00:00+00:00,2026-01-13 16:00:00+00:00,sell,4638.375,4603.622548563272,0.02,69.38490287345564,tp
2026-01-21 14:00:00+00:00,2026-01-21 15:00:00+00:00,sell,4882.47509765625,4838.91052415293,0.02,87.00914700664077,tp
2026-01-22 16:00:00+00:00,2026-01-22 17:00:00+00:00,sell,4874.0751953125,4904.120727331327,0.02,-60.211064037653266,sl
2026-01-22 19:00:00+00:00,2026-01-22 23:00:00+00:00,sell,4918.5751953125,4948.214364600015,0.02,-59.39833857502992,sl
2026-01-23 17:00:00+00:00,2026-01-25 23:00:00+00:00,sell,4981.5751953125,5010.756924507387,0.02,-58.483458389774675,sl
2026-01-27 21:00:00+00:00,2026-01-28 01:00:00+00:00,sell,5174.875,5212.958043958,0.01,-38.14304395800042,sl
2026-01-28 08:00:00+00:00,2026-01-28 09:00:00+00:00,sell,5285.27490234375,5324.726893741495,0.01,-39.51199139774468,sl
2026-01-28 21:00:00+00:00,2026-01-28 23:00:00+00:00,sell,5409.6748046875,5463.726086411222,0.01,-54.11128172372224,sl
2026-02-06 12:00:00+00:00,2026-02-06 14:00:00+00:00,sell,4909.97509765625,4968.9874820764035,0.01,-59.07238442015347,sl
2026-02-06 16:00:00+00:00,2026-02-08 23:00:00+00:00,sell,4972.27490234375,5026.388630046261,0.01,-54.17372770251092,sl
2026-02-09 17:00:00+00:00,2026-02-09 23:00:00+00:00,sell,5097.6748046875,5037.722585875213,0.01,59.892218812287354,tp
2026-02-11 12:00:00+00:00,2026-02-11 13:00:00+00:00,sell,5137.27490234375,5079.86724957958,0.01,57.34765276417005,tp
2026-02-12 18:00:00+00:00,2026-02-13 16:00:00+00:00,buy,4961.8251953125,5047.045810437458,0.01,85.16061512495838,tp
2026-02-13 19:00:00+00:00,2026-02-16 03:00:00+00:00,sell,5054.5751953125,4994.945069561679,0.02,119.14025150164241,tp
2026-02-18 15:00:00+00:00,2026-02-19 07:00:00+00:00,sell,5011.97509765625,5039.880281047213,0.02,-55.93036678192686,sl
2026-02-20 20:00:00+00:00,2026-02-22 23:00:00+00:00,sell,5102.1748046875,5132.452041598175,0.02,-60.674473821350254,sl
2026-02-23 17:00:00+00:00,2026-02-23 23:00:00+00:00,sell,5230.97509765625,5265.543112736254,0.01,-34.628015080004445,sl
2026-02-24 14:00:00+00:00,2026-02-24 18:00:00+00:00,buy,5132.125,5184.182169938212,0.01,51.9971699382117,tp
2026-02-25 21:00:00+00:00,2026-02-26 04:00:00+00:00,buy,5171.3251953125,5214.135447951652,0.02,85.50050527830433,tp
2026-02-27 14:00:00+00:00,2026-02-27 16:00:00+00:00,sell,5240.6748046875,5265.466490943871,0.02,-49.70337251274133,sl
2026-02-27 20:00:00+00:00,2026-02-27 21:00:00+00:00,sell,5267.77490234375,5293.349332678264,0.02,-51.26886066902727,sl
2026-03-02 08:00:00+00:00,2026-03-02 14:00:00+00:00,sell,5422.6748046875,5361.882308706709,0.01,60.73249598079059,tp
2026-03-02 17:00:00+00:00,2026-03-03 00:00:00+00:00,buy,5303.72509765625,5376.190862455823,0.01,72.40576479957275,tp
2026-03-03 12:00:00+00:00,2026-03-03 14:00:00+00:00,buy,5154.625,5074.641412856661,0.01,-80.04358714333881,sl
2026-03-05 18:00:00+00:00,2026-03-06 01:00:00+00:00,buy,5071.125,5139.18323282138,0.01,67.99823282138044,tp
2026-03-09 20:00:00+00:00,2026-03-10 01:00:00+00:00,sell,5150.77490234375,5185.151234012529,0.01,-34.43633166877913,sl
2026-03-12 18:00:00+00:00,2026-03-12 20:00:00+00:00,buy,5112.02490234375,5082.979261896496,0.02,-58.2112808945086,sl
2026-03-13 15:00:00+00:00,2026-03-15 22:00:00+00:00,buy,5046.02490234375,5009.945815777783,0.01,-36.139086565967375,sl
2026-03-18 12:00:00+00:00,2026-03-18 13:00:00+00:00,buy,4934.02490234375,4899.485894970914,0.01,-34.59900737283584,sl
2026-03-18 15:00:00+00:00,2026-03-18 20:00:00+00:00,buy,4873.02490234375,4835.6891550119,0.01,-37.395747331850146,sl
2026-03-19 08:00:00+00:00,2026-03-19 10:00:00+00:00,buy,4729.4248046875,4682.007519383949,0.01,-47.47728530355067,sl
2026-03-20 15:00:00+00:00,2026-03-20 18:00:00+00:00,buy,4564.625,4509.350019392856,0.01,-55.334980607144246,sl
2026-03-20 20:00:00+00:00,2026-03-23 00:00:00+00:00,buy,4503.625,4445.59433433956,0.01,-58.09066566043981,sl
2026-03-24 22:00:00+00:00,2026-03-24 23:00:00+00:00,sell,4473.375,4530.523800423563,0.01,-57.208800423563446,sl
2026-03-26 18:00:00+00:00,2026-03-27 05:00:00+00:00,buy,4377.3251953125,4446.253100396317,0.01,68.86790508381677,tp
2026-03-27 15:00:00+00:00,2026-03-30 00:00:00+00:00,sell,4540.1748046875,4470.035855808071,0.01,70.07894887942933,tp
2026-03-30 09:00:00+00:00,2026-03-30 11:00:00+00:00,sell,4566.47509765625,4601.744001568984,0.02,-70.6578078254671,sl
2026-03-30 13:00:00+00:00,2026-03-30 18:00:00+00:00,sell,4599.77490234375,4535.905494861018,0.01,63.80940748273173,tp
2026-03-31 17:00:00+00:00,2026-03-31 19:00:00+00:00,sell,4669.0751953125,4710.055119495092,0.01,-41.03992418259219,sl
2026-03-31 22:00:00+00:00,2026-04-01 00:00:00+00:00,sell,4698.27490234375,4735.135507068459,0.01,-36.92060472470945,sl
2026-04-01 16:00:00+00:00,2026-04-02 01:00:00+00:00,sell,4814.1748046875,4760.19859419997,0.01,53.916210487529895,tp
2026-04-06 09:00:00+00:00,2026-04-07 01:00:00+00:00,sell,4722.6748046875,4670.0275493915415,0.01,52.58725529595853,tp
2026-04-07 22:00:00+00:00,2026-04-07 23:00:00+00:00,sell,4747.0751953125,4799.510887708468,0.01,-52.49569239596764,sl
2026-04-08 15:00:00+00:00,2026-04-09 00:00:00+00:00,buy,4761.72509765625,4719.6254504607305,0.01,-42.15964719551954,sl
2026-04-09 12:00:00+00:00,2026-04-09 15:00:00+00:00,sell,4781.5751953125,4807.668407355757,0.02,-52.306424086514305,sl
2026-04-09 17:00:00+00:00,2026-04-10 02:00:00+00:00,sell,4813.375,4770.716174878323,0.02,85.19765024335436,tp
2026-04-14 18:00:00+00:00,2026-04-15 01:00:00+00:00,sell,4859.47509765625,4886.171159799403,0.02,-53.51212428630526,sl
2026-04-15 22:00:00+00:00,2026-04-15 23:00:00+00:00,buy,4813.72509765625,4843.658544274526,0.02,59.746893236552644,tp
2026-04-17 13:00:00+00:00,2026-04-17 14:00:00+00:00,sell,4868.875,4900.422655839544,0.01,-31.60765583954395,sl
2026-04-21 15:00:00+00:00,2026-04-21 17:00:00+00:00,buy,4757.9248046875,4724.395996337714,0.01,-33.588808349786234,sl
2026-04-21 19:00:00+00:00,2026-04-21 20:00:00+00:00,buy,4728.8251953125,4691.6894789783,0.01,-37.19571633419997,sl
2026-04-27 15:00:00+00:00,2026-04-28 05:00:00+00:00,buy,4693.52490234375,4675.164788674337,0.03,-55.260341008239884,sl
2026-04-28 10:00:00+00:00,2026-04-28 11:00:00+00:00,buy,4618.52490234375,4596.899480140998,0.02,-43.37084440550381,sl
2026-04-29 10:00:00+00:00,2026-04-29 13:00:00+00:00,buy,4568.22509765625,4545.103250858021,0.02,-46.363693596457885,sl
2026-04-30 09:00:00+00:00,2026-04-30 10:00:00+00:00,sell,4628.5751953125,4655.308216585507,0.02,-53.58604254601334,sl
2026-04-30 12:00:00+00:00,2026-05-01 06:00:00+00:00,sell,4643.1748046875,4605.022325137813,0.02,76.18495909937417,tp
2026-05-01 08:00:00+00:00,2026-05-01 13:00:00+00:00,buy,4589.8251953125,4619.7330697726375,0.03,89.54362338041238,tp
2026-05-04 16:00:00+00:00,2026-05-05 12:00:00+00:00,buy,4531.52490234375,4580.082204461581,0.01,48.49730211783066,tp
2026-05-05 14:00:00+00:00,2026-05-05 22:00:00+00:00,sell,4590.1748046875,4557.3440733745165,0.03,98.31219393895054,tp
2026-05-06 08:00:00+00:00,2026-05-06 09:00:00+00:00,sell,4692.5751953125,4716.393792585007,0.02,-47.7571945450137,sl
2026-05-06 11:00:00+00:00,2026-05-06 12:00:00+00:00,sell,4729.27490234375,4689.543266751441,0.02,79.34327118461886,tp
2026-05-07 15:00:00+00:00,2026-05-07 16:00:00+00:00,sell,4773.27490234375,4721.74191334172,0.01,51.47298900203026,tp
2026-05-11 14:00:00+00:00,2026-05-11 23:00:00+00:00,sell,4745.5751953125,4775.358304543894,0.02,-59.68621846278722,sl
2026-05-12 15:00:00+00:00,2026-05-12 20:00:00+00:00,buy,4680.125,4723.279306113437,0.02,86.18861222687417,tp
2026-05-14 20:00:00+00:00,2026-05-15 00:00:00+00:00,buy,4659.72509765625,4638.8100018230025,0.02,-41.95019166649501,sl
2026-05-15 09:00:00+00:00,2026-05-15 13:00:00+00:00,buy,4559.125,4528.930367654332,0.01,-30.25463234566774,sl
2026-05-19 20:00:00+00:00,2026-05-20 01:00:00+00:00,buy,4487.02490234375,4464.065861293605,0.02,-46.03808210029012,sl
2026-05-20 15:00:00+00:00,2026-05-21 01:00:00+00:00,sell,4534.6748046875,4565.6742851380595,0.01,-31.05948045055953,sl
2026-05-26 18:00:00+00:00,2026-05-26 23:00:00+00:00,buy,4490.125,4523.299534253625,0.02,66.22906850725019,tp
2026-05-27 12:00:00+00:00,2026-05-28 02:00:00+00:00,buy,4458.625,4427.520333186874,0.01,-31.16466681312573,sl
2026-05-28 13:00:00+00:00,2026-05-28 14:00:00+00:00,sell,4462.1748046875,4489.975360905741,0.02,-55.72111243648134,sl
2026-05-28 16:00:00+00:00,2026-05-28 18:00:00+00:00,sell,4512.77490234375,4546.030449837891,0.01,-33.31554749414096,sl
2026-05-28 20:00:00+00:00,2026-05-29 06:00:00+00:00,sell,4528.5751953125,4552.869547036799,0.02,-48.708703448598605,sl
2026-05-29 15:00:00+00:00,2026-06-01 03:00:00+00:00,sell,4595.97509765625,4551.157258984905,0.01,44.75783867134527,tp
2026-06-01 14:00:00+00:00,2026-06-01 17:00:00+00:00,buy,4479.22509765625,4517.321918025278,0.02,76.07364073805627,tp
2026-06-02 08:00:00+00:00,2026-06-02 13:00:00+00:00,sell,4565.0751953125,4535.786168835284,0.02,58.45805295443177,tp
2026-06-02 18:00:00+00:00,2026-06-02 23:00:00+00:00,buy,4514.4248046875,4496.697213442134,0.04,-71.15036498146422,sl
2026-06-04 12:00:00+00:00,2026-06-04 14:00:00+00:00,sell,4538.97509765625,4502.396080845958,0.02,73.03803362058432,tp
2026-06-05 13:00:00+00:00,2026-06-05 14:00:00+00:00,buy,4432.125,4400.226211168303,0.01,-31.958788831696946,sl
2026-06-05 16:00:00+00:00,2026-06-08 01:00:00+00:00,buy,4360.4248046875,4326.447387673393,0.01,-34.037417014107234,sl
2026-06-09 16:00:00+00:00,2026-06-09 22:00:00+00:00,buy,4296.625,4263.187914685793,0.01,-33.497085314207254,sl
2026-06-10 12:00:00+00:00,2026-06-10 15:00:00+00:00,buy,4170.02490234375,4136.999781834804,0.01,-33.085120508946204,sl
2026-06-10 18:00:00+00:00,2026-06-10 20:00:00+00:00,buy,4135.4248046875,4097.186584479867,0.01,-38.29822020763328,sl
2026-06-11 18:00:00+00:00,2026-06-11 19:00:00+00:00,sell,4173.0751953125,4217.557372583524,0.01,-44.54217727102383,sl
2026-06-11 22:00:00+00:00,2026-06-14 22:00:00+00:00,sell,4234.77490234375,4278.922603763769,0.01,-44.20770142001908,sl
2026-06-16 09:00:00+00:00,2026-06-16 14:00:00+00:00,sell,4367.97509765625,4343.287990333902,0.03,73.88132196704493,tp
2026-06-17 16:00:00+00:00,2026-06-17 17:00:00+00:00,sell,4383.1748046875,4403.00242727609,0.02,-39.7752451771804,sl
2026-06-17 19:00:00+00:00,2026-06-17 20:00:00+00:00,buy,4305.125,4260.763717907702,0.01,-44.4212820922981,sl
2026-06-18 09:00:00+00:00,2026-06-18 11:00:00+00:00,buy,4286.125,4258.232578127298,0.02,-55.90484374540312,sl
2026-06-18 13:00:00+00:00,2026-06-18 16:00:00+00:00,buy,4265.125,4236.0913500969755,0.01,-29.093649903024524,sl
2026-06-18 18:00:00+00:00,2026-06-18 19:00:00+00:00,buy,4249.3251953125,4222.933574766195,0.02,-52.903241092609385,sl
2026-06-18 22:00:00+00:00,2026-06-18 23:00:00+00:00,buy,4231.3251953125,4208.632472827432,0.02,-45.50544497013572,sl
2026-06-24 13:00:00+00:00,2026-06-26 09:00:00+00:00,buy,4004.22509765625,4061.903249185957,0.01,57.61815152970706,tp
2026-06-26 11:00:00+00:00,2026-06-26 13:00:00+00:00,sell,4069.875,4091.8681880344902,0.03,-66.1595641034707,sl
2026-06-26 15:00:00+00:00,2026-06-29 05:00:00+00:00,sell,4095.77490234375,4056.597179858335,0.02,78.23544497082992,tp
2026-06-29 19:00:00+00:00,2026-06-30 00:00:00+00:00,buy,4027.824951171875,4007.0035623651247,0.03,-62.644166420250876,sl
2026-06-30 08:00:00+00:00,2026-06-30 14:00:00+00:00,sell,4046.27490234375,4074.7568304652054,0.01,-28.541928121455438,sl
2026-07-01 12:00:00+00:00,2026-07-01 13:00:00+00:00,sell,4044.375,4065.8534991920537,0.02,-43.07699838410746,sl
2026-07-01 15:00:00+00:00,2026-07-01 19:00:00+00:00,sell,4107.875,4058.43113262572,0.01,49.383867374280214,tp
2026-07-02 13:00:00+00:00,2026-07-03 00:00:00+00:00,sell,4130.6748046875,4161.888248483029,0.01,-31.2734437955292,sl
2026-07-07 13:00:00+00:00,2026-07-07 15:00:00+00:00,sell,4183.97509765625,4150.5535962019,0.02,66.72300290869941,tp
2026-07-07 20:00:00+00:00,2026-07-08 08:00:00+00:00,buy,4125.4248046875,4102.916101360722,0.03,-67.7061099803347,sl
2026-07-08 10:00:00+00:00,2026-07-08 12:00:00+00:00,buy,4053.625,4093.4848873207775,0.02,79.59977464155497,tp
2026-07-08 16:00:00+00:00,2026-07-08 18:00:00+00:00,buy,4044.625,4090.752664081947,0.01,46.06766408194693,tp
2026-07-09 08:00:00+00:00,2026-07-09 13:00:00+00:00,sell,4117.77490234375,4137.666452427026,0.02,-39.90310016655268,sl
2026-07-09 15:00:00+00:00,2026-07-10 08:00:00+00:00,sell,4137.5751953125,4108.322508460598,0.02,58.385373703803346,tp
2026-07-10 09:00:00+00:00,2026-07-10 14:00:00+00:00,buy,4106.625,4091.880318110858,0.04,-59.21872755656863,sl
2026-07-13 15:00:00+00:00,2026-07-13 16:00:00+00:00,buy,4022.52490234375,3997.780972224829,0.02,-49.60786023784214,sl
2026-07-13 18:00:00+00:00,2026-07-14 05:00:00+00:00,buy,4000.824951171875,4037.300464808411,0.02,72.83102727307221,tp
2026-07-14 13:00:00+00:00,2026-07-15 01:00:00+00:00,sell,4083.875,4044.923438505347,0.02,77.78312298930621,tp
2026-07-15 13:00:00+00:00,2026-07-15 16:00:00+00:00,sell,4074.574951171875,4044.042504554145,0.03,91.41733985318962,tp
2026-07-16 13:00:00+00:00,2026-07-17 12:00:00+00:00,buy,3996.425048828125,3971.069476346929,0.02,-50.8311449623917,sl
2026-07-17 16:00:00+00:00,2026-07-20 00:00:00+00:00,sell,4024.27490234375,3990.215501537672,0.02,67.99880161215594,tp
2026-07-21 19:00:00+00:00,2026-07-22 00:00:00+00:00,sell,4086.875,4103.242403024283,0.03,-49.28220907284838,sl
2026-07-22 14:00:00+00:00,2026-07-22 22:00:00+00:00,sell,4159.6748046875,4126.294370596918,0.02,66.64086818116346,tp
2026-07-23 13:00:00+00:00,2026-07-24 01:00:00+00:00,buy,4064.324951171875,4041.874808766976,0.02,-45.02028480979799,sl
2026-07-24 14:00:00+00:00,2026-07-26 22:00:00+00:00,sell,4069.77490234375,4085.8272033477315,0.03,-48.33690301194445,sl
2026-07-28 10:00:00+00:00,2026-07-28 15:00:00+00:00,buy,4023.22509765625,4047.060534188927,0.03,71.32630959803038,tp
2026-07-29 08:00:00+00:00,2026-07-29 12:00:00+00:00,sell,4102.875,4069.161654127889,0.02,67.3066917442219,tp
2026-07-29 18:00:00+00:00,2026-07-29 19:00:00+00:00,sell,4102.97509765625,4133.249283784969,0.02,-60.66837225743722,sl
2026-07-30 14:00:00+00:00,2026-07-31 07:00:00+00:00,sell,4171.97509765625,4126.006459220631,0.01,45.90863843561914,tp
2026-07-31 10:00:00+00:00,2026-07-31 13:00:00+00:00,buy,4111.3251953125,4095.2751838941927,0.04,-64.44004567322939,sl
2026-08-05 08:00:00+00:00,2026-08-05 11:00:00+00:00,sell,4229.77490234375,4252.2057868059455,0.02,-44.98176892439107,sl
2026-08-05 14:00:00+00:00,2026-08-05 15:00:00+00:00,sell,4264.97509765625,4294.148211496621,0.01,-29.233113840371114,sl
2026-08-05 17:00:00+00:00,2026-08-05 23:00:00+00:00,sell,4302.77490234375,4331.642138528319,0.01,-28.927236184569264,sl
2026-08-07 09:00:00+00:00,2026-08-07 12:00:00+00:00,sell,4365.47509765625,4388.31490415797,0.02,-45.79961300343995,sl
2026-08-10 19:00:00+00:00,2026-08-10 22:00:00+00:00,sell,4437.6748046875,4459.196489356732,0.02,-43.16336933846389,sl
2026-08-12 13:00:00+00:00,2026-08-12 16:00:00+00:00,sell,4497.6748046875,4456.958267786152,0.02,81.31307380269652,tp
2026-08-13 08:00:00+00:00,2026-08-13 12:00:00+00:00,buy,4426.52490234375,4458.680452818311,0.02,64.19110094912219,tp
2026-08-13 18:00:00+00:00,2026-08-14 00:00:00+00:00,buy,4412.72509765625,4388.791791436556,0.02,-47.986612439387606,sl
2026-08-14 12:00:00+00:00,2026-08-14 13:00:00+00:00,sell,4425.375,4444.970081444725,0.02,-39.31016288945022,sl
2026-08-14 15:00:00+00:00,2026-08-17 00:00:00+00:00,sell,4438.5751953125,4459.418036802222,0.02,-41.8056829794433,sl
2026-08-17 16:00:00+00:00,2026-08-17 18:00:00+00:00,sell,4484.875,4455.920964981568,0.02,57.78807003686314,tp
2026-08-18 15:00:00+00:00,2026-08-18 19:00:00+00:00,buy,4422.72509765625,4398.82186128197,0.02,-47.926472748559824,sl
2026-08-18 22:00:00+00:00,2026-08-19 10:00:00+00:00,buy,4391.52490234375,4420.341868880112,0.02,57.51393307272418,tp
2026-08-19 13:00:00+00:00,2026-08-19 14:00:00+00:00,sell,4496.1748046875,4526.815622720672,0.02,-61.401636066343706,sl
2026-08-19 16:00:00+00:00,2026-08-19 20:00:00+00:00,sell,4552.0751953125,4581.080969581057,0.01,-29.065774268556705,sl
2026-08-20 20:00:00+00:00,2026-08-21 05:00:00+00:00,sell,4584.375,4606.882794219788,0.02,-45.135588439575365,sl
2026-08-21 09:00:00+00:00,2026-08-21 15:00:00+00:00,sell,4640.97509765625,4664.874092459062,0.02,-47.91798960562402,sl
2026-08-21 17:00:00+00:00,2026-08-24 02:00:00+00:00,sell,4686.5751953125,4712.854602665535,0.02,-52.67881470606982,sl
2026-08-26 17:00:00+00:00,2026-08-27 01:00:00+00:00,buy,4647.22509765625,4681.073689499719,0.02,67.57718368693793,tp
2026-08-27 10:00:00+00:00,2026-08-27 16:00:00+00:00,buy,4633.02490234375,4666.436603703665,0.03,100.05510407974572,tp
2026-08-28 16:00:00+00:00,2026-08-28 17:00:00+00:00,buy,4576.02490234375,4529.849397436178,0.01,-46.23550490757185,sl
2026-08-28 19:00:00+00:00,2026-08-31 02:00:00+00:00,buy,4506.625,4467.199874448871,0.01,-39.48512555112899,sl
2026-09-01 09:00:00+00:00,2026-09-01 13:00:00+00:00,buy,4419.52490234375,4394.676545545187,0.02,-49.81671359712629,sl
2026-09-01 18:00:00+00:00,2026-09-02 00:00:00+00:00,buy,4391.4248046875,4365.831458775905,0.02,-51.3066918231899,sl
2026-09-02 14:00:00+00:00,2026-09-03 02:00:00+00:00,sell,4432.77490234375,4460.664937581115,0.01,-27.950035237364826,sl
2026-09-03 13:00:00+00:00,2026-09-04 12:00:00+00:00,sell,4540.77490234375,4496.967622328502,0.01,43.74728001524767,tp
2026-09-04 13:00:00+00:00,2026-09-04 20:00:00+00:00,buy,4441.02490234375,4476.50009765625,0.01,35.415195312499634,eod_flat
